"Approach","Model","RMSE","MAE","MAPE"
"1. Dynamic Bottom-Up (Raw)","ARIMA",36137641.2162462,33118675.4329994,6.98219438016673
"1. Dynamic Bottom-Up (Raw)","ETS",37640298.1664227,34597721.9234465,7.2990445411114
"2. Controlled Bottom-Up (Imputed)","ARIMA",90228464.1786737,82029168.0153475,17.2602360182872
"2. Controlled Bottom-Up (Imputed)","ETS",90527749.7238584,82418775.4803165,17.3478707618508
"2. Controlled Bottom-Up (Imputed)","Mean",176632308.310982,172376691.100121,37.0152047238279
"1. Dynamic Bottom-Up (Raw)","Mean",317082070.760724,314731299.513203,68.1696981577289
